{"cameraMode":{"drawMode":0,"name":"Shaded","section":"Shading Mode"},"sceneLighting":true,"audioPlay":false,"sceneViewState":{"showFog":true,"showMaterialUpdate":false,"showSkybox":true,"showFlares":true,"showImageEffects":true,"showParticleSystems":true},"in2DMode":false,"pivot":{"x":-5.290689468383789,"y":1.5769767761230469,"z":-3.9019384384155275},"rotation":{"x":-0.008639544248580933,"y":-0.9021458625793457,"z":0.43113231658935549,"w":-0.01786201260983944},"size":24.047870635986329,"orthographic":false}