{"cameraMode":{"drawMode":0,"name":"Shaded","section":"Shading Mode"},"sceneLighting":false,"audioPlay":false,"sceneViewState":{"showFog":true,"showMaterialUpdate":false,"showSkybox":false,"showFlares":true,"showImageEffects":true,"showParticleSystems":true},"in2DMode":false,"pivot":{"x":1.499999761581421,"y":0.7499999403953552,"z":1.5},"rotation":{"x":0.0027936489786952736,"y":-0.809619128704071,"z":0.5869764089584351,"w":0.0038916293997317554},"size":10.20468807220459,"orthographic":false}