{"cameraMode":{"drawMode":0,"name":"Shaded","section":"Shading Mode"},"sceneLighting":true,"audioPlay":false,"sceneViewState":{"showFog":true,"showMaterialUpdate":false,"showSkybox":true,"showFlares":true,"showImageEffects":true,"showParticleSystems":true},"in2DMode":false,"pivot":{"x":5.106991767883301,"y":-1.9135451316833497,"z":1.2900456190109254},"rotation":{"x":-0.09234252572059632,"y":-0.8839554786682129,"z":0.1970008760690689,"w":-0.41400188207626345},"size":2.8578836917877199,"orthographic":false}