{"cameraMode":{"drawMode":0,"name":"Shaded","section":"Shading Mode"},"sceneLighting":true,"audioPlay":false,"sceneViewState":{"showFog":true,"showMaterialUpdate":false,"showSkybox":true,"showFlares":true,"showImageEffects":true,"showParticleSystems":true},"in2DMode":false,"pivot":{"x":-0.5869177579879761,"y":10.1713228225708,"z":5.086495399475098},"rotation":{"x":-0.004700539167970419,"y":-0.9048410058021545,"z":0.4257712662220001,"w":-0.009770454838871956},"size":2.8578836917877199,"orthographic":false}